Account,Location,Position
QYZ4LDDAKK,US,757167
DASDAS,CAD,970844
9TFJMW6,DE,290185
DASDAS,CAD,183438
U3DE4NB,UK,804613
IDJ3WUS,CAD,151009
9LNPU4C,FR,578968
AO0LSVQ,JP,912915
AO0LSVQ,JP,298780
FASFAS,UA,659906
BH96BEL,DE,723281
0H0AYWA,CA,159505
ZZTHTMX,DE,423048
0H0AYWA,CA,932285
9L02XMQ,JP,418839
YL8OC7V,CA,418839
U20KG6Y,CH,136273
6R2KDRU,UK,474828
0R2HKME,CAD,160718
RU5LC8G,BR,196214
YL8OC7V,CA,378167
NDNZ1MK,FR,183438
TE0HP4U,RO,804613
0R2HKME,CAD,151009
U20KG6Y,FR,196214
6R2KDRU,RO,378167
6R2KDRU,CAD,183438
0R2HKME,RO,804613
BH96BEL,FR,804613
0H0AYWA,RO,151009
ZZTHTMX,CAD,196214
0H0AYWA,CAD,378167
IDJ3WUS,CAD,151009
U3DE4NB,RO,196214
YL8OC7V,CAD,151009
U20KG6Y,CAD,196214
